<?xml version="1.0" encoding="UTF-8"?>
<project-private xmlns="http://www.netbeans.org/ns/project-private/1">
    <editor-bookmarks xmlns="http://www.netbeans.org/ns/editor-bookmarks/2" lastBookmarkId="0"/>
    <open-files xmlns="http://www.netbeans.org/ns/projectui-open-files/2">
        <group>
            <file>file:/Users/MomosMac/NetBeansProjects/MyTwitter/MyTwitter%20(assignment%203)/MyTwitter/MyTwitter/src/java/controller/membershipServlet.java</file>
            <file>file:/Users/MomosMac/NetBeansProjects/MyTwitter/MyTwitter%20(assignment%203)/MyTwitter/MyTwitter/src/java/business/Follow.java</file>
            <file>file:/Users/MomosMac/NetBeansProjects/MyTwitter/MyTwitter%20(assignment%203)/MyTwitter/MyTwitter/web/signup.jsp</file>
            <file>file:/Users/MomosMac/NetBeansProjects/MyTwitter/MyTwitter%20(assignment%203)/MyTwitter/MyTwitter/src/java/dataaccess/FollowDB.java</file>
            <file>file:/Users/MomosMac/NetBeansProjects/MyTwitter/MyTwitter%20(assignment%203)/MyTwitter/MyTwitter/web/home.jsp</file>
        </group>
    </open-files>
</project-private>
